{"set(['sample1_9', 'sample1_8', 'sample1_13', 'sample1_12', 'sample1_11', 'sample1_10', 'sample1_15', 'sample1_14'])": [0.043375, 1.020875, 0.031875, 0.032125, 0.004000000000000002, -0.019, -0.005000000000000001, -0.020625, -0.029000000000000005, 0.007874999999999993], "set(['sample8_69'])": [-0.09, -0.05, -0.11, 0.023, 0.222, -0.035, 0.093, -0.191, 1.008, -0.153], "set(['sample9_79', 'sample9_78', 'sample9_75', 'sample9_74', 'sample9_77', 'sample9_76', 'sample9_73', 'sample9_72'])": [0.018249999999999995, -0.047625, -0.058375, 0.008124999999999999, 0.035500000000000004, 0.011125000000000003, -0.025874999999999995, 0.0455, 0.0067500000000000025, 0.999125], "set(['sample3_28', 'sample3_29', 'sample3_26', 'sample3_30', 'sample3_24', 'sample3_25', 'sample3_31', 'sample3_27'])": [0.034875, 0.0335, 0.062125, 0.994625, -0.01175, 0.09324999999999999, -0.05, 0.06587499999999999, -0.018750000000000003, -0.046375], "set(['sample5_44', 'sample5_45', 'sample5_46', 'sample5_47', 'sample5_40', 'sample5_41', 'sample5_42', 'sample5_43'])": [-0.04375, 0.005374999999999998, -0.054625, 0.053625, -0.022625000000000003, 0.998, 0.008625, 0.0029999999999999996, 0.004874999999999994, -0.032], "set(['sample8_67'])": [0.119, -0.169, 0.11, -0.234, -0.058, 0.116, -0.096, 0.266, 0.957, 0.105], "set(['sample0_2', 'sample0_3', 'sample0_0', 'sample0_1', 'sample0_6', 'sample0_7', 'sample0_4', 'sample0_5'])": [0.98475, -0.029625, -0.005625000000000007, 0.045375, 0.03, 0.06974999999999999, 0.0365, -0.05625, -0.001125000000000001, -0.045875], "set(['sample2_23', 'sample2_22', 'sample2_18', 'sample2_20', 'sample2_16', 'sample2_17', 'sample2_19'])": [-0.030142857142857145, 0.01228571428571428, 0.9987142857142857, 0.031142857142857142, 0.026285714285714284, -0.007714285714285714, -0.04214285714285714, -0.08214285714285714, -0.039142857142857146, 0.009714285714285717], "set(['sample7_57', 'sample7_60', 'sample7_61', 'sample7_62', 'sample7_63', 'sample7_59', 'sample7_58'])": [0.010857142857142857, 0.0502857142857143, 0.025857142857142856, 0.030428571428571426, -0.04328571428571428, 0.06042857142857143, 0.0008571428571428579, 1.0210000000000001, -0.022142857142857138, 0.0051428571428571435], "set(['sample2_21'])": [0.117, 0.096, 0.87, -0.08, -0.172, -0.076, 0.152, 0.002, 0.141, -0.153], "set(['sample6_49', 'sample6_48', 'sample6_54', 'sample6_55', 'sample6_52', 'sample6_53', 'sample6_50', 'sample6_51'])": [0.024625000000000005, -0.02962499999999999, 0.024875, 0.017125, 0.03075, -0.0535, 0.975125, -0.01275, -0.0445, -0.021625], "set(['sample8_65', 'sample8_64', 'sample8_66', 'sample8_70', 'sample8_71', 'sample8_68'])": [-0.03333333333333333, 0.016333333333333328, 0.029833333333333337, 0.0065000000000000014, -0.03616666666666667, -0.02316666666666667, 0.029333333333333333, 0.0003333333333333341, 0.9671666666666666, 0.05566666666666667], "set(['sample7_56'])": [-0.12, -0.025, 0.089, 0.142, 0.275, -0.02, -0.101, 0.738, -0.096, 0.154], "set(['sample4_36', 'sample4_37', 'sample4_34', 'sample4_35', 'sample4_32', 'sample4_33', 'sample4_38', 'sample4_39'])": [0.014249999999999997, 0.01575, 0.025750000000000002, 0.04, 1.0310000000000001, 0.03175, -0.0014999999999999996, -0.02075, 0.04662500000000001, 0.0011250000000000053]}