{"set(['sample2_23', 'sample2_22', 'sample2_18', 'sample2_20', 'sample2_16', 'sample2_17', 'sample2_19', 'sample2_21'])": [-0.011750000000000002, 0.022749999999999996, 0.982625, 0.01725, 0.0015000000000000013, -0.01625, -0.017875, -0.071625, -0.016625000000000004, -0.010624999999999997], "set(['sample8_65', 'sample8_64', 'sample8_67', 'sample8_66', 'sample8_70', 'sample8_71', 'sample8_69', 'sample8_68'])": [-0.021375, -0.015125000000000003, 0.022375, -0.02150000000000001, -0.006625000000000003, -0.007250000000000001, 0.021625, 0.009625000000000002, 0.971, 0.035750000000000004], "set(['sample7_61', 'sample7_57', 'sample7_63', 'sample7_59', 'sample7_62'])": [0.0204, 0.041600000000000005, -0.046000000000000006, -0.0328, -0.036599999999999994, 0.10020000000000003, 0.038400000000000004, 0.9928000000000001, 0.016000000000000004, 0.013200000000000003], "set(['sample9_74'])": [0.141, 0.068, -0.021, -0.045, 0.076, 0.269, -0.052, -0.126, -0.176, 0.911], "set(['sample7_60', 'sample7_58'])": [-0.013000000000000001, 0.072, 0.20550000000000002, 0.1885, -0.06, -0.03899999999999999, -0.093, 1.0915, -0.1175, -0.015], "set(['sample5_44', 'sample5_45', 'sample5_46', 'sample5_47', 'sample5_40', 'sample5_41', 'sample5_42', 'sample5_43'])": [-0.04375, 0.005374999999999998, -0.054625, 0.053625, -0.022625000000000003, 0.998, 0.008625, 0.0029999999999999996, 0.004874999999999994, -0.032], "set(['sample6_50'])": [-0.21, 0.024, 0.082, -0.024, -0.2, -0.159, 0.936, -0.026, 0.108, 0.08], "set(['sample3_28', 'sample3_29', 'sample3_31', 'sample3_30', 'sample3_24', 'sample3_25', 'sample3_26', 'sample3_27'])": [0.034874999999999996, 0.03350000000000001, 0.06212499999999999, 0.994625, -0.01175, 0.09325, -0.05, 0.06587499999999999, -0.018750000000000003, -0.046375], "set(['sample4_36', 'sample4_37', 'sample4_34', 'sample4_35', 'sample4_32', 'sample4_33', 'sample4_38', 'sample4_39'])": [0.014249999999999997, 0.01575, 0.025750000000000002, 0.04, 1.0310000000000001, 0.03175, -0.0014999999999999996, -0.02075, 0.04662500000000001, 0.0011250000000000053], "set(['sample0_2', 'sample0_3', 'sample0_0', 'sample0_1', 'sample0_6', 'sample0_7', 'sample0_4', 'sample0_5'])": [0.98475, -0.029625, -0.005625000000000007, 0.045375, 0.03, 0.06974999999999999, 0.0365, -0.05625, -0.001125000000000001, -0.045875], "set(['sample1_9', 'sample1_8', 'sample1_13', 'sample1_12', 'sample1_11', 'sample1_10', 'sample1_15', 'sample1_14'])": [0.043375, 1.020875, 0.031875, 0.032125, 0.004000000000000002, -0.019, -0.005000000000000001, -0.020625, -0.029000000000000005, 0.007874999999999993], "set(['sample9_79', 'sample9_78', 'sample9_75', 'sample9_77', 'sample9_76', 'sample9_73', 'sample9_72'])": [0.0007142857142857149, -0.06414285714285713, -0.06371428571428571, 0.015714285714285712, 0.029714285714285717, -0.025714285714285717, -0.022142857142857138, 0.06999999999999999, 0.032857142857142856, 1.0117142857142858], "set(['sample7_56'])": [-0.12, -0.025, 0.089, 0.142, 0.275, -0.02, -0.101, 0.738, -0.096, 0.154], "set(['sample6_49', 'sample6_48', 'sample6_54', 'sample6_55', 'sample6_52', 'sample6_53', 'sample6_51'])": [0.05814285714285715, -0.037285714285714276, 0.016714285714285716, 0.023, 0.06371428571428571, -0.03842857142857143, 0.9807142857142858, -0.010857142857142857, -0.06628571428571428, -0.03614285714285714]}